id,name,image
1,AVRIL,Avril.jpg
2,Adonis,Adonis.jpg
4,BONICHOIX,BONICHOIX.gif
5,Costco,Costco.jpg
6,ESPOSITO,ESPOSITO.png
7,Euromarché,Euromarche.png
8,Fruiterie 440,Fruiterie 440.jpg
10,Fruiterie Du Plateau,Fruiterie Du Plateau.png
11,Frutta Si,fruttasi.png
12,IGA,IGA.png
13,INTER MARCHÉ,INTER MARCHE.png
14,Le Jardin Mobile,Le Jardin Mobile.jpg
18,LOBLAWS,Loblaws.png
20,Marché Ami,Marche Ami.png
21,Marché Bonanza,bonanzalalumiere.png
23,Marché C&T,Marche C&T.png
25,Marché Dessaulles,Marche Dessaulles.png
26,Marché Lacroix - En Faim,Marche Lacroix - En Faim.png
28,Marché Richelieu,Marche Richelieu.jpg
29,Marchés Tau,Marches Tau.jpg
30,MARCHÉS TRADITION,MARCHeS TRADITION.jpg
31,MAXI,MAXI.jpg
32,METRO,METRO.png
33,MOURELATOS,Les Supermarches Mourelatos.jpg
34,PROVIGO,PROVIGO.gif
35,Rachelle Béry,Rachelle Bery.jpg
36,SUPER C,SUPER C.jpg
37,Supermarché PA,Supermarche PA.png
39,TIGRE GÉANT,TIGRE GeANT.jpg
41,Walmart,Walmart.jpg
42,William J. Walter,William J. Walter.png
43,Akhanvan,Akhanvan.jpg
44,Aliment MM,Aliment MM.jpg
45,Arachide dépôt,Arachide depot.jpg
46,Les Arpent Vert,Arpent vert.jpg
47,Aubut,Aubut.jpg
48,Axep,Axep.jpg
49,Bulk Barn,Bulkbarn.jpg
50,5 Saveurs,cinq saveurs.jpg
51,Citron que c'est bon!,Citron.jpg
52,Couche-Tard,Couche tard.jpg
53,Marché Extra,Extra.jpg
54,Grand marché,Grand marche.jpg
55,Jardin du mont,Jardin du mont.jpg
56,Kim phat,Kim phat.jpg
57,Le Marché Végétarien,Le vegetarien.jpg
58,Mayrand,Mayrand.jpg
59,Nuvo,Nuvo.jpg
60,Odessa,Odessa.jpg
61,Pasquier,Pasquier.jpg
62,Pomme Salade,Pommesalade.jpg
63,Potager St-Eustache,Potager.jpg
64,Marché Sheng Tai,Sheng tai.jpg
65,Valu-Mart,Valmart.jpg
66,Val-Mont,Valmont.jpg
67,Les Étals,Les etales.png
68,Maxi et Cie,Maxi et Cie.jpg
69,Provigo le marché,Provigo le marche.jpg
70,Walmart Supercentre,Walmart Supercentre.jpg
,,
